<?xml version="1.0" encoding="UTF-8"?>
<project-private xmlns="http://www.netbeans.org/ns/project-private/1">
    <editor-bookmarks xmlns="http://www.netbeans.org/ns/editor-bookmarks/2" lastBookmarkId="0"/>
    <open-files xmlns="http://www.netbeans.org/ns/projectui-open-files/2">
        <group>
            <file>file:/D:/proyecto1/Sonda_honduras/AireadoresQ.X/mcc_generated_files/examples/i2c1_master_example.c</file>
            <file>file:/D:/proyecto1/Sonda_honduras/AireadoresQ.X/main.c</file>
            <file>file:/D:/proyecto1/Sonda_honduras/AireadoresQ.X/mcc_generated_files/i2c1_master.c</file>
            <file>file:/D:/proyecto1/Sonda_honduras/AireadoresQ.X/LCD_I2C.h</file>
            <file>file:/D:/proyecto1/Sonda_honduras/AireadoresQ.X/funciones.c</file>
            <file>file:/D:/proyecto1/Sonda_honduras/AireadoresQ.X/i2c1_master.c</file>
            <file>file:/D:/proyecto1/Sonda_honduras/AireadoresQ.X/i2c1_master_example.c</file>
            <file>file:/D:/proyecto1/Sonda_honduras/AireadoresQ.X/LCD_I2C.c</file>
        </group>
    </open-files>
</project-private>
